ID,LIMIT_BAL,SEX,EDUCATION,MARRIAGE,AGE,PAY_0,PAY_2,PAY_3,PAY_4,PAY_5,PAY_6,BILL_AMT1,BILL_AMT2,BILL_AMT3,BILL_AMT4,BILL_AMT5,BILL_AMT6,PAY_AMT1,PAY_AMT2,PAY_AMT3,PAY_AMT4,PAY_AMT5,PAY_AMT6,target,PAY_RATIO_1,PAY_RATIO_2,PAY_RATIO_3,PAY_RATIO_4,PAY_RATIO_5,PAY_RATIO_6,AVG_PAY_RATIO,UTIL_1,UTIL_2,UTIL_3,UTIL_4,UTIL_5,UTIL_6,UTIL_TREND,MAX_DLQ,PAY_RATIO_BIN,TREND_BIN
2309,30000.0,1,2,2,25,0,0,0,0,0,0,8864.0,10062.0,11581.0,12580.0,13716.0,14828.0,1500.0,2000.0,1500.0,1500.0,1500.0,2000.0,0,0.1692238266957103,0.19876764060835145,0.1295224937285621,0.119236883933288,0.10936132982579751,0.1348799568293175,0.14349868860350448,0.29546666666666666,0.3354,0.38603333333333334,0.41933333333333334,0.4572,0.39795,-0.10248333333333337,0,"(0.0565, 0.172]","(-1.547, -0.0198]"
22405,150000.0,2,1,2,26,0,0,0,0,0,0,136736.0,125651.0,116684.0,101581.0,77741.0,77264.0,4486.0,4235.0,3161.0,2647.0,2669.0,2669.0,0,0.032807746313825124,0.03370446713489185,0.027090260875294897,0.026058022661461712,0.03433194839229838,0.034543901428420176,0.03142272446769869,0.9115733333333333,0.8376733333333334,0.7778933333333333,0.6772066666666666,0.5182733333333334,0.7062855555555556,0.20528777777777774,0,"(-0.001, 0.0383]","(0.0885, 3.191]"
23398,70000.0,2,3,1,32,0,0,0,0,0,0,70122.0,69080.0,68530.0,69753.0,70111.0,70212.0,2431.0,3112.0,3000.0,2438.0,2500.0,2554.0,0,0.034668149795575316,0.045049218296973816,0.043776448270191504,0.03495190170981963,0.03565774272174613,0.03637554833879714,0.038413168188850585,1.001742857142857,0.9868571428571429,0.979,0.9964714285714286,1.0015857142857143,0.9947809523809524,0.006961904761904614,0,"(0.0383, 0.0565]","(0.00166, 0.0885]"
25059,130000.0,1,3,2,49,0,0,0,0,0,-1,20678.0,18956.0,16172.0,16898.0,11236.0,6944.0,1610.0,1808.0,7014.0,27.0,7011.0,4408.0,0,0.07786052809372954,0.0953787718877728,0.43371258963432396,0.0015978222273879854,0.62397650403845,0.6347926266366946,0.31121980708639313,0.15906153846153845,0.14581538461538462,0.1244,0.1299846153846154,0.08643076923076923,0.11651794871794872,0.042543589743589724,0,"(0.172, 0.477]","(0.00166, 0.0885]"
2665,50000.0,2,2,2,36,0,0,0,0,0,2,94228.0,47635.0,42361.0,19574.0,20295.0,19439.0,2000.0,1500.0,1000.0,1800.0,0.0,1000.0,1,0.021225113554132265,0.031489451033242584,0.02360661929549334,0.09195872074731998,0.0,0.051442975459054324,0.036620480014873745,1.88456,0.9527,0.84722,0.39148,0.4059,0.8117733333333333,1.0727866666666666,2,"(-0.001, 0.0383]","(0.0885, 3.191]"
8512,50000.0,2,2,2,29,-1,-1,-1,0,0,0,1303.0,801.0,11512.0,11512.0,8490.0,0.0,801.0,11512.0,0.0,0.0,0.0,950.0,0,0.6147352259288293,1.0,0.0,0.0,0.0,1.0,0.43578920432147156,0.02606,0.01602,0.23024,0.23024,0.1698,0.11206,-0.08600000000000001,0,"(0.172, 0.477]","(-1.547, -0.0198]"
5149,110000.0,1,3,2,33,1,2,0,0,0,-2,7128.0,1852.0,2625.0,2625.0,0.0,0.0,0.0,1000.0,0.0,0.0,0.0,0.0,1,0.0,0.5399568031641702,0.0,0.0,0.0,0.0,0.0899928005273617,0.0648,0.016836363636363635,0.023863636363636365,0.023863636363636365,0.0,0.021560606060606058,0.04323939393939394,2,"(0.0565, 0.172]","(0.00166, 0.0885]"
7791,140000.0,2,1,1,32,1,-2,-2,-2,-2,-2,0.0,0.0,0.0,0.0,0.0,0.0,0.0,0.0,0.0,0.0,0.0,0.0,0,0.0,0.0,0.0,0.0,0.0,0.0,0.0,0.0,0.0,0.0,0.0,0.0,0.0,0.0,1,"(-0.001, 0.0383]","(-0.0198, 0.00166]"
11312,260000.0,2,2,3,38,-1,-1,-1,-1,-1,0,8000.0,8000.0,8000.0,8000.0,24406.0,18043.0,8000.0,8000.0,8000.0,24406.0,2000.0,389.0,0,0.999999999875,0.999999999875,0.999999999875,1.0,0.08194706219446254,0.021559607602862074,0.6839177782370541,0.03076923076923077,0.03076923076923077,0.03076923076923077,0.03076923076923077,0.09386923076923077,0.04772371794871794,-0.016954487179487172,0,"(0.477, 1.0]","(-0.0198, 0.00166]"
19044,80000.0,2,2,2,23,0,0,-2,-2,-2,-2,68850.0,0.0,0.0,0.0,0.0,0.0,0.0,0.0,0.0,0.0,0.0,0.0,0,0.0,0.0,0.0,0.0,0.0,0.0,0.0,0.860625,0.0,0.0,0.0,0.0,0.1434375,0.7171875,0,"(-0.001, 0.0383]","(0.0885, 3.191]"
10785,80000.0,2,2,1,33,2,2,2,2,2,2,53843.0,55933.0,56575.0,57303.0,58593.0,59738.0,3500.0,2100.0,2200.0,2300.0,2200.0,2100.0,0,0.06500380736465272,0.037544919814107146,0.038886433936564095,0.040137514614590204,0.03754714726951091,0.035153503631940246,0.04237888777189422,0.6730375,0.6991625,0.7071875,0.7162875,0.7324125,0.7124687499999999,-0.03943124999999992,2,"(0.0383, 0.0565]","(-1.547, -0.0198]"
22247,90000.0,2,2,2,25,0,-1,-1,-1,-1,-1,27658.0,11865.0,4602.0,28426.0,8978.0,5104.0,6708.0,8853.0,28990.0,9028.0,5119.0,428.0,0,0.2425338057617133,0.7461441213024741,1.0,0.3175965665124324,0.5701715303441556,0.08385579935661132,0.49338363721289774,0.3073111111111111,0.13183333333333333,0.051133333333333336,0.3158444444444444,0.09975555555555556,0.16043148148148148,0.1468796296296296,0,"(0.477, 1.0]","(0.0885, 3.191]"
3269,80000.0,2,2,1,34,0,0,0,0,-1,0,78688.0,80539.0,76681.0,34197.0,27398.0,28646.0,4000.0,2333.0,3032.0,28298.0,2000.0,2000.0,0,0.05083367222383549,0.02896733259627054,0.03954043374447985,0.827499488235006,0.07299802905055121,0.06981777560323194,0.18160945524222916,0.9836,1.0067375,0.9585125,0.4274625,0.342475,0.6794770833333333,0.3041229166666667,0,"(0.172, 0.477]","(0.0885, 3.191]"
15948,30000.0,2,2,1,30,3,2,2,7,7,7,2400.0,2400.0,2400.0,2400.0,2400.0,2400.0,0.0,0.0,0.0,0.0,0.0,0.0,1,0.0,0.0,0.0,0.0,0.0,0.0,0.0,0.08,0.08,0.08,0.08,0.08,0.08,0.0,7,"(-0.001, 0.0383]","(-0.0198, 0.00166]"
14978,200000.0,1,1,1,29,-1,-1,-1,-1,-1,-1,9585.0,1686.0,820.0,1889.0,6617.0,3986.0,1735.0,824.0,1889.0,6617.0,3986.0,2460.0,0,0.18101199789452144,0.4887307233162925,1.0,1.0,0.6023877889372241,0.6171600600559056,0.6482150950339907,0.047925,0.00843,0.0041,0.009445,0.033085,0.020485833333333335,0.027439166666666667,-1,"(0.477, 1.0]","(0.00166, 0.0885]"
14475,110000.0,2,2,2,39,0,0,0,0,0,0,210804.0,107572.0,100475.0,48409.0,47693.0,49018.0,5426.0,4244.0,1837.0,1713.0,2100.0,2020.0,0,0.025739549534042335,0.039452645669510164,0.01828315501350303,0.03538598194477502,0.044031618894931505,0.04120935166589397,0.034017050453776,1.9164,0.9779272727272728,0.913409090909091,0.4400818181818182,0.4335727272727273,0.8545015151515152,1.061898484848485,0,"(-0.001, 0.0383]","(0.0885, 3.191]"
28695,100000.0,2,3,2,33,0,0,0,0,0,0,74847.0,70663.0,63794.0,60651.0,54664.0,51776.0,3000.0,3000.0,2700.0,2000.0,2000.0,2000.0,0,0.04008176680374522,0.04245503304356658,0.04232372950367866,0.03297554863014665,0.03658715059204253,0.038627935722368896,0.038841860715924756,0.74847,0.70663,0.63794,0.60651,0.54664,0.627325,0.12114499999999995,0,"(0.0383, 0.0565]","(0.0885, 3.191]"
14055,30000.0,2,2,1,51,0,0,0,0,0,0,10874.0,11896.0,12906.0,13162.0,13438.0,13705.0,1205.0,1215.0,471.0,488.0,491.0,508.0,0,0.110814787556482,0.10213517147762818,0.036494653646637634,0.03707643215035128,0.036538175320989866,0.03706676395205642,0.06002099735069089,0.36246666666666666,0.39653333333333335,0.4302,0.4387333333333333,0.44793333333333335,0.4221166666666667,-0.059650000000000036,0,"(0.0565, 0.172]","(-1.547, -0.0198]"
26546,200000.0,2,2,1,50,-2,-2,-2,-2,-2,-2,411.0,453.0,348.0,359.0,672.0,1620.0,453.0,348.0,359.0,672.0,1620.0,384.0,0,1.0,0.7682119188339693,1.0,1.0,1.0,0.23703703689071787,0.834208159287448,0.002055,0.002265,0.00174,0.001795,0.00336,0.0032191666666666666,-0.0011641666666666666,-2,"(0.477, 1.0]","(-0.0198, 0.00166]"
14981,30000.0,1,2,1,23,2,2,2,2,2,2,28224.0,29276.0,28635.0,30127.0,30525.0,29793.0,1800.0,150.0,2250.0,1000.0,0.0,700.0,1,0.06377551020182201,0.005123650771788371,0.07857517024345817,0.03319281707328334,0.0,0.023495451951012134,0.03402710004022733,0.9408,0.9758666666666667,0.9545,1.0042333333333333,1.0175,0.981,-0.040200000000000014,2,"(-0.001, 0.0383]","(-1.547, -0.0198]"
17637,360000.0,2,2,1,33,0,0,0,-2,-2,-2,11596.0,11775.0,0.0,0.0,0.0,0.0,1058.0,0.0,0.0,0.0,0.0,0.0,0,0.09123835804663347,0.0,0.0,0.0,0.0,0.0,0.015206393007772245,0.032211111111111114,0.03270833333333333,0.0,0.0,0.0,0.010819907407407408,0.021391203703703704,0,"(-0.001, 0.0383]","(0.00166, 0.0885]"
3932,120000.0,2,1,2,34,0,0,0,2,2,2,105356.0,107588.0,115372.0,112027.0,119702.0,121650.0,3931.0,9600.0,0.0,9500.0,4100.0,0.0,1,0.03731159117622811,0.08922928207523861,0.0,0.08480098547595848,0.034251725117088676,0.0,0.04093226397408565,0.8779666666666667,0.8965666666666666,0.9614333333333334,0.9335583333333334,0.9975166666666667,0.9467986111111112,-0.06883194444444451,2,"(0.0383, 0.0565]","(-1.547, -0.0198]"
8388,30000.0,1,2,2,28,0,0,0,0,0,-2,26054.0,25144.0,25775.0,18585.0,0.0,0.0,2000.0,2000.0,2000.0,0.0,0.0,0.0,0,0.07676364473490582,0.0795418390041544,0.07759456837720292,0.0,0.0,0.0,0.03898334201937719,0.8684666666666667,0.8381333333333333,0.8591666666666666,0.6195,0.0,0.5308777777777778,0.33758888888888894,0,"(0.0383, 0.0565]","(0.0885, 3.191]"
8029,110000.0,2,1,2,34,0,0,0,0,0,0,110712.0,110988.0,98270.0,79402.0,80804.0,81024.0,4112.0,3648.0,2800.0,3100.0,3133.0,2800.0,0,0.03714141195139514,0.03286841820707763,0.028492927648025922,0.03904183773659301,0.038772833027588084,0.03455766192690367,0.03514584841626391,1.0064727272727272,1.0089818181818182,0.8933636363636364,0.7218363636363636,0.7345818181818182,0.8503030303030302,0.15616969696969696,0,"(-0.001, 0.0383]","(0.0885, 3.191]"
9483,280000.0,2,1,1,47,0,0,0,0,-1,0,257561.0,270827.0,212405.0,194345.0,161084.0,174622.0,20000.0,15000.0,0.0,161084.0,15000.0,20000.0,0,0.07765150779785118,0.055385910562627115,0.0,0.8288559005848936,0.09311911797513645,0.11453310579357392,0.1949242571190137,0.9198607142857143,0.9672392857142857,0.7585892857142857,0.6940892857142857,0.5753,0.756454761904762,0.16340595238095224,0,"(0.172, 0.477]","(0.0885, 3.191]"
22573,180000.0,2,2,1,48,-1,-1,-1,-1,-2,-2,4498.0,-2.0,760.0,0.0,0.0,245.0,0.0,762.0,0.0,0.0,245.0,884.0,0,0.0,0.0,0.0,0.0,1.0,1.0,0.3333333333333333,0.02498888888888889,-1.1111111111111112e-05,0.004222222222222222,0.0,0.0,0.005093518518518519,0.019895370370370372,-1,"(0.172, 0.477]","(0.00166, 0.0885]"
15108,210000.0,1,0,2,45,-2,-2,-2,-2,-2,-2,2563.0,5854.0,1032.0,788.0,3499.0,3372.0,5854.0,1032.0,788.0,3565.0,3372.0,15381.0,0,1.0,0.17628971640309365,0.7635658907329788,1.0,0.9637039151289786,1.0,0.8172599203775085,0.012204761904761904,0.027876190476190475,0.004914285714285714,0.0037523809523809524,0.016661904761904763,0.013577777777777777,-0.0013730158730158731,-2,"(0.477, 1.0]","(-0.0198, 0.00166]"
3674,20000.0,1,3,1,47,2,2,2,2,2,0,14328.0,17196.0,17418.0,17608.0,17187.0,17528.0,3114.0,800.0,770.0,0.0,776.0,549.0,1,0.21733668340191675,0.04652244707801102,0.04420714203443523,0.0,0.045150404372773005,0.031321314466492396,0.06408966522560473,0.7164,0.8598,0.8709,0.8804,0.85935,0.843875,-0.127475,2,"(0.0565, 0.172]","(-1.547, -0.0198]"
21389,300000.0,1,1,1,58,-1,-1,-1,-2,-1,0,13620.0,5779.0,-1921.0,-1921.0,1912.0,1921.0,5823.0,0.0,0.0,3833.0,9.0,0.0,0,0.427533039616187,0.0,-0.0,0.0,0.0047071129682494176,0.0,0.07204002543073941,0.0454,0.019263333333333334,-0.006403333333333333,-0.006403333333333333,0.006373333333333333,0.010772222222222225,0.03462777777777778,0,"(0.0565, 0.172]","(0.00166, 0.0885]"
5938,200000.0,2,2,1,36,-1,-1,-1,-1,-1,-1,1070.0,4078.0,1099.0,1099.0,1099.0,1099.0,4107.0,1099.0,1099.0,1099.0,1099.0,1099.0,0,1.0,0.26949485035078596,0.9999999990900817,0.9999999990900817,0.9999999990900817,0.9999999990900817,0.8782491411185188,0.00535,0.02039,0.005495,0.005495,0.005495,0.007953333333333333,-0.0026033333333333334,-1,"(0.477, 1.0]","(-0.0198, 0.00166]"
27034,550000.0,1,2,2,33,-2,-2,-2,-2,-2,-2,-509.0,-1925.0,4532.0,13069.0,5071.0,8276.0,15.0,10014.0,20000.0,10000.0,10000.0,7548.0,0,0.0,0.0,1.0,0.7651694849823881,1.0,0.9120347993098072,0.612867380715366,-0.0009254545454545455,-0.0035,0.00824,0.023761818181818183,0.00922,0.008640606060606062,-0.009566060606060607,-2,"(0.477, 1.0]","(-0.0198, 0.00166]"
29272,170000.0,1,2,1,27,-1,-1,-1,-1,0,-1,2697.0,0.0,1409.0,1337.0,1337.0,53885.0,0.0,1409.0,1337.0,0.0,53885.0,2000.0,0,0.0,1.0,0.9488999283542229,0.0,1.0,0.03711608054120597,0.49766933481590475,0.01586470588235294,0.0,0.008288235294117647,0.00786470588235294,0.00786470588235294,0.05947549019607843,-0.04361078431372549,0,"(0.477, 1.0]","(-1.547, -0.0198]"
21881,30000.0,2,2,2,22,2,-1,-1,-1,-1,-1,174.0,1995.0,3530.0,0.0,5960.0,0.0,1995.0,3530.0,0.0,5960.0,0.0,1778.0,0,1.0,1.0,0.0,1.0,0.0,1.0,0.6666666666666666,0.0058,0.0665,0.11766666666666667,0.0,0.19866666666666666,0.06477222222222222,-0.05897222222222222,2,"(0.477, 1.0]","(-1.547, -0.0198]"
6509,500000.0,2,2,2,36,0,0,0,0,-2,-1,21368.0,21094.0,12675.0,5803.0,5841.0,2227.0,4066.0,5004.0,28.0,2033.0,3130.0,94593.0,0,0.19028453761745204,0.23722385511343397,0.002209072978129462,0.3503360330259631,0.5358671459448952,1.0,0.3859867741133123,0.042736,0.042188,0.02535,0.011606,0.011682,0.02300266666666667,0.019733333333333332,0,"(0.172, 0.477]","(0.00166, 0.0885]"
21458,180000.0,2,2,2,24,0,0,0,0,-1,0,8031.0,9269.0,9029.0,11186.0,23320.0,6666.0,2009.0,2626.0,3000.0,23320.0,1000.0,1000.0,1,0.25015564683723623,0.28330995789369834,0.3322627090118216,1.0,0.042881646653392724,0.15001500147764552,0.34310416031229907,0.044616666666666666,0.05149444444444445,0.05016111111111111,0.06214444444444445,0.12955555555555556,0.06250092592592593,-0.017884259259259266,0,"(0.172, 0.477]","(-0.0198, 0.00166]"
20072,270000.0,2,1,2,36,0,0,0,0,0,0,16699.0,17908.0,19114.0,20341.0,20617.0,16223.0,1800.0,1500.0,1600.0,830.0,1000.0,1000.0,0,0.10779088567532243,0.08376144739313371,0.08370827665147493,0.04080428690620892,0.048503662024130395,0.06164088022797011,0.07103490647970674,0.061848148148148145,0.06632592592592593,0.07079259259259259,0.07533703703703704,0.07635925925925927,0.06845802469135802,-0.0066098765432098736,0,"(0.0565, 0.172]","(-0.0198, 0.00166]"
27013,500000.0,1,1,1,43,0,0,0,0,0,0,124362.0,126860.0,129576.0,129863.0,120781.0,98163.0,4567.0,4787.0,4745.0,4256.0,3321.0,3326.0,0,0.03672343641918976,0.03773451048370066,0.03661943569768615,0.03277299923740579,0.02749604656338749,0.03388242005609158,0.03420480807624358,0.248724,0.25372,0.259152,0.259726,0.241562,0.24320166666666668,0.0055223333333333235,0,"(-0.001, 0.0383]","(0.00166, 0.0885]"
10093,180000.0,2,3,1,43,-1,-1,-1,-1,-1,-1,1473.0,22969.0,27315.0,13315.0,8194.0,12800.0,22969.0,27392.0,13315.0,9000.0,12800.0,9460.0,0,1.0,1.0,0.48746110194078485,0.6759294028782629,1.0,0.7390624999422607,0.8170755007935514,0.008183333333333334,0.12760555555555556,0.15175,0.07397222222222222,0.04552222222222222,0.07969074074074074,-0.07150740740740741,-1,"(0.477, 1.0]","(-1.547, -0.0198]"
22568,280000.0,1,1,2,31,-2,-2,-2,-2,-2,-2,0.0,0.0,0.0,787.0,1233.0,0.0,0.0,0.0,787.0,1233.0,0.0,0.0,1,0.0,0.0,1.0,1.0,0.0,0.0,0.3333333333333333,0.0,0.0,0.0,0.0028107142857142857,0.004403571428571429,0.0012023809523809524,-0.0012023809523809524,-2,"(0.172, 0.477]","(-0.0198, 0.00166]"
12977,50000.0,1,2,1,35,1,-1,-1,-1,-2,-2,0.0,1118.0,667.0,0.0,0.0,0.0,1118.0,673.0,0.0,0.0,0.0,0.0,0,1.0,0.6019677991037855,0.0,0.0,0.0,0.0,0.26699463318396427,0.0,0.02236,0.01334,0.0,0.0,0.00595,-0.00595,1,"(0.172, 0.477]","(-0.0198, 0.00166]"
3814,60000.0,2,2,1,42,0,0,0,0,0,0,58264.0,57923.0,58987.0,17350.0,17937.0,17298.0,3200.0,3000.0,800.0,1000.0,1000.0,1000.0,0,0.05492242207787103,0.051792897466433147,0.013562310339336425,0.05763688760474715,0.055750682942757944,0.05781015145925482,0.048579225315066754,0.9710666666666666,0.9653833333333334,0.9831166666666666,0.2891666666666667,0.29895,0.6326638888888888,0.33840277777777783,0,"(0.0383, 0.0565]","(0.0885, 3.191]"
7338,230000.0,2,1,1,36,-1,-1,2,-1,-1,-1,878.0,9567.0,3074.0,3660.0,3790.0,6006.0,9574.0,0.0,3660.0,3790.0,6006.0,5647.0,1,1.0,0.0,1.0,1.0,1.0,0.9402264400698923,0.823371073344982,0.0038173913043478263,0.04159565217391304,0.013365217391304347,0.01591304347826087,0.016478260869565216,0.019547101449275364,-0.015729710144927536,2,"(0.477, 1.0]","(-0.0198, 0.00166]"
24484,160000.0,1,1,1,41,1,-2,-2,-2,-2,-2,0.0,0.0,0.0,0.0,0.0,0.0,0.0,0.0,0.0,0.0,0.0,0.0,1,0.0,0.0,0.0,0.0,0.0,0.0,0.0,0.0,0.0,0.0,0.0,0.0,0.0,0.0,1,"(-0.001, 0.0383]","(-0.0198, 0.00166]"
19593,170000.0,2,2,1,45,0,0,0,0,0,0,169625.0,169944.0,169829.0,162988.0,125969.0,127643.0,6081.0,6336.0,5205.0,4452.0,4592.0,4677.0,0,0.03584966838593456,0.037282869650959824,0.03064847581961474,0.027314894347882573,0.03645341314103904,0.036641257256280084,0.034031763100285134,0.9977941176470588,0.9996705882352941,0.9989941176470588,0.9587529411764706,0.7409941176470588,0.9078411764705882,0.08995294117647068,0,"(-0.001, 0.0383]","(0.0885, 3.191]"
5122,200000.0,1,1,1,37,-1,2,-1,-1,-1,-1,446.0,123.0,123.0,200.0,123.0,280.0,0.0,123.0,200.0,123.0,280.0,151.0,1,0.0,0.9999999918699188,1.0,0.6149999969250001,1.0,0.5392857123596939,0.6923809501924355,0.00223,0.000615,0.000615,0.001,0.000615,0.0010791666666666669,0.0011508333333333334,2,"(0.477, 1.0]","(-0.0198, 0.00166]"
14906,90000.0,2,6,3,46,0,0,0,0,0,0,77263.0,26691.0,21066.0,20422.0,20327.0,13619.0,8333.0,1494.0,600.0,1000.0,1000.0,257.0,0,0.10785240024192884,0.05597392379244037,0.028481913983267732,0.04896680050685698,0.049195651102022155,0.018870695350696035,0.051556897496202014,0.8584777777777778,0.29656666666666665,0.23406666666666667,0.22691111111111112,0.22585555555555556,0.3322,0.5262777777777778,0,"(0.0383, 0.0565]","(0.0885, 3.191]"
8224,30000.0,1,2,2,30,4,3,2,2,2,0,30562.0,29809.0,28920.0,29887.0,29525.0,25006.0,0.0,0.0,1900.0,15.0,1030.0,30802.0,0,0.0,0.0,0.06569847855927737,0.0005018904540267711,0.03488569009195984,1.0,0.18351434318421067,1.0187333333333333,0.9936333333333334,0.964,0.9962333333333333,0.9841666666666666,0.9650500000000001,0.053683333333333194,4,"(0.172, 0.477]","(0.00166, 0.0885]"
2869,150000.0,2,1,2,27,-1,-1,-2,-2,-2,-2,1345.0,0.0,0.0,0.0,0.0,0.0,0.0,0.0,0.0,0.0,0.0,24948.0,0,0.0,0.0,0.0,0.0,0.0,1.0,0.16666666666666666,0.008966666666666666,0.0,0.0,0.0,0.0,0.0014944444444444443,0.007472222222222222,-1,"(0.0565, 0.172]","(0.00166, 0.0885]"
2343,290000.0,1,2,1,50,0,0,0,0,0,0,88713.0,79214.0,81301.0,84033.0,86513.0,90056.0,3459.0,4000.0,5000.0,4000.0,5000.0,5000.0,0,0.038990903249366035,0.050496124421813116,0.061499858549568895,0.04760034748197018,0.057794782286387084,0.05552100914924579,0.05198383752305852,0.30590689655172415,0.27315172413793104,0.28034827586206895,0.2897689655172414,0.2983206896551724,0.2930057471264368,0.012901149425287362,0,"(0.0383, 0.0565]","(0.00166, 0.0885]"
8833,470000.0,1,2,2,34,0,0,0,0,0,0,247503.0,245552.0,238161.0,240607.0,230142.0,198171.0,9024.0,10400.0,10000.0,25000.0,8000.0,8000.0,0,0.03646016411907548,0.0423535544404348,0.04198840280296947,0.10390387644539059,0.03476114746532679,0.04036917611537324,0.049972720231428396,0.5266021276595745,0.5224510638297872,0.5067255319148937,0.5119297872340426,0.48966382978723405,0.4965021276595745,0.03009999999999996,0,"(0.0383, 0.0565]","(0.00166, 0.0885]"
7933,130000.0,1,1,1,70,1,-2,-2,-2,-2,-2,0.0,0.0,0.0,0.0,0.0,0.0,0.0,0.0,0.0,0.0,0.0,0.0,1,0.0,0.0,0.0,0.0,0.0,0.0,0.0,0.0,0.0,0.0,0.0,0.0,0.0,0.0,1,"(-0.001, 0.0383]","(-0.0198, 0.00166]"
16558,280000.0,1,2,2,27,-2,-2,-2,-2,-2,-2,1566.0,2872.0,1572.0,2437.0,1572.0,1572.0,2891.0,1586.0,2444.0,1586.0,1579.0,1579.0,0,1.0,0.5522284120639873,1.0,0.6508001638691834,1.0,1.0,0.8671714293221952,0.0055928571428571425,0.010257142857142857,0.005614285714285714,0.008703571428571429,0.005614285714285714,0.006899404761904762,-0.0013065476190476195,-2,"(0.477, 1.0]","(-0.0198, 0.00166]"
20605,110000.0,1,2,2,29,0,0,0,0,0,0,104968.0,107221.0,109494.0,111954.0,111771.0,111703.0,4000.0,4000.0,4300.0,4164.0,4500.0,4200.0,0,0.038106851611556795,0.03730612473268011,0.03927155825854137,0.037193847472737074,0.04026089057053922,0.03759970636386131,0.03828982983498598,0.9542545454545455,0.9747363636363636,0.9954,1.0177636363636364,1.0161,0.9956227272727274,-0.041368181818181915,0,"(-0.001, 0.0383]","(-1.547, -0.0198]"
12984,30000.0,1,1,2,31,0,0,0,0,0,0,28398.0,18550.0,13198.0,13222.0,14620.0,17376.0,2081.0,1196.0,1000.0,2000.0,3000.0,5000.0,0,0.07327980843463343,0.0644743935275216,0.07576905591182231,0.151263046426315,0.20519835839909722,0.28775322281953536,0.14295631425315417,0.9466,0.6183333333333333,0.43993333333333334,0.4407333333333333,0.48733333333333334,0.5853555555555555,0.3612444444444445,0,"(0.0565, 0.172]","(0.0885, 3.191]"
3015,200000.0,1,1,2,35,-1,-1,-1,-1,-1,-1,7429.0,24325.0,40258.0,15103.0,14079.0,20878.0,24325.0,40265.0,15159.0,14079.0,20878.0,26716.0,0,1.0,1.0,0.3765462765071154,0.932198900818897,1.0,1.0,0.8847908628876686,0.037145,0.121625,0.20129,0.075515,0.070395,0.10172666666666667,-0.06458166666666668,-1,"(0.477, 1.0]","(-1.547, -0.0198]"
27332,280000.0,1,2,1,39,-2,-2,-2,-2,-2,-2,1525.0,7391.0,5234.0,3316.0,2970.0,3978.0,7430.0,5234.0,3316.0,2970.0,3978.0,3258.0,0,1.0,0.7081585711394724,0.6335498661380302,0.8956574183064966,1.0,0.8190045246809944,0.8427283967108322,0.005446428571428572,0.02639642857142857,0.018692857142857143,0.011842857142857143,0.010607142857142857,0.01453214285714286,-0.009085714285714287,-2,"(0.477, 1.0]","(-0.0198, 0.00166]"
12125,420000.0,1,1,2,42,0,0,0,0,0,0,155814.0,155282.0,116385.0,106961.0,92331.0,89566.0,5397.0,5678.0,3577.0,3023.0,3026.0,3012.0,0,0.034637452346806846,0.03656573202279359,0.030734201142494876,0.028262637783600917,0.032773391384986916,0.03362883236905043,0.032767041174955595,0.3709857142857143,0.3697190476190476,0.27710714285714283,0.25466904761904763,0.21983571428571427,0.28426150793650795,0.08672420634920636,0,"(-0.001, 0.0383]","(0.00166, 0.0885]"
3753,360000.0,2,1,1,31,-2,-2,-2,-1,0,-1,-5.0,-5.0,-5.0,4232.0,3189.0,7511.0,0.0,0.0,4237.0,16.0,7548.0,4105.0,0,-0.0,-0.0,0.0,0.0037807183355905672,1.0,0.5465317533555409,0.2583854119485219,-1.388888888888889e-05,-1.388888888888889e-05,-1.388888888888889e-05,0.011755555555555556,0.008858333333333333,0.006906018518518519,-0.006919907407407408,0,"(0.172, 0.477]","(-0.0198, 0.00166]"
27388,120000.0,1,2,1,43,-1,-1,-2,-1,-1,-1,3972.0,2809.0,1021.0,2311.0,3868.0,2980.0,2816.0,1021.0,2321.0,3868.0,2980.0,0.0,0,0.7089627389957295,0.3634745459724192,1.0,1.0,0.7704239915278118,0.0,0.6404768794159934,0.0331,0.023408333333333333,0.008508333333333333,0.019258333333333332,0.032233333333333336,0.023556944444444446,0.009543055555555551,-1,"(0.477, 1.0]","(0.00166, 0.0885]"
12336,210000.0,1,2,2,26,0,0,0,0,0,0,206714.0,197252.0,140440.0,122678.0,120215.0,112973.0,7868.0,5000.0,5004.0,4500.0,3950.0,3800.0,0,0.03806225025862756,0.0253482854418442,0.035630874394505616,0.036681393566599704,0.03285779644775729,0.03363635558909088,0.03370282594973754,0.984352380952381,0.9392952380952381,0.6687619047619048,0.5841809523809524,0.5724523809523809,0.7145015873015872,0.2698507936507938,0,"(-0.001, 0.0383]","(0.0885, 3.191]"
11545,300000.0,2,2,1,34,-1,-1,-1,-1,-1,-1,1000.0,1000.0,1000.0,1000.0,2000.0,1000.0,1000.0,1000.0,1000.0,2000.0,1000.0,1000.0,1,0.999999999,0.999999999,0.999999999,1.0,0.49999999975,0.999999999,0.9166666659583335,0.0033333333333333335,0.0033333333333333335,0.0033333333333333335,0.0033333333333333335,0.006666666666666667,0.003888888888888889,-0.0005555555555555557,-1,"(0.477, 1.0]","(-0.0198, 0.00166]"
11357,30000.0,2,3,1,43,1,2,2,2,2,2,12603.0,13103.0,13785.0,13911.0,13548.0,14465.0,1000.0,1200.0,646.0,0.0,1300.0,1000.0,0,0.07934618740939886,0.09158208043260459,0.04686253173399619,0.0,0.0959551225202277,0.06913238851924422,0.06381305176924525,0.4201,0.4367666666666667,0.4595,0.4637,0.4516,0.4523055555555555,-0.03220555555555554,2,"(0.0565, 0.172]","(-1.547, -0.0198]"
2677,120000.0,1,1,1,51,0,0,2,0,0,0,125702.0,130461.0,131281.0,128594.0,117561.0,116732.0,8300.0,4500.0,4260.0,4595.0,4311.0,4280.0,0,0.06602918012389597,0.03449306689329,0.03244947859909317,0.03573261582938759,0.036670324341944435,0.036665181783601196,0.04033997459520206,1.0475166666666667,1.087175,1.0940083333333332,1.0716166666666667,0.979675,1.042126388888889,0.0053902777777776745,2,"(0.0383, 0.0565]","(0.00166, 0.0885]"
28739,240000.0,2,2,1,31,-1,-1,-1,-1,-1,-1,184.0,0.0,2500.0,12500.0,749.0,2829.0,0.0,2500.0,12500.0,749.0,2829.0,2900.0,0,0.0,1.0,1.0,0.0599199999952064,1.0,1.0,0.6766533333325344,0.0007666666666666667,0.0,0.010416666666666666,0.052083333333333336,0.0031208333333333335,0.013029166666666666,-0.012262499999999999,-1,"(0.477, 1.0]","(-0.0198, 0.00166]"
29996,220000.0,1,3,1,39,0,0,0,0,0,0,188948.0,192815.0,208365.0,88004.0,31237.0,15980.0,8500.0,20000.0,5003.0,3047.0,5000.0,1000.0,0,0.044985922052390145,0.10372636983583369,0.024010750365829142,0.03462342620750621,0.16006658769535914,0.06257822277455706,0.07166521315524589,0.8588545454545454,0.8764318181818181,0.9471136363636363,0.40001818181818183,0.14198636363636363,0.5495068181818182,0.3093477272727272,0,"(0.0565, 0.172]","(0.0885, 3.191]"
20748,360000.0,1,2,1,36,-2,-2,-2,-2,-2,-2,4671.0,928.0,5384.0,499.0,596.0,2338.0,929.0,5405.0,500.0,597.0,2340.0,2649.0,0,0.19888674797711692,1.0,0.09286775629775858,1.0,1.0,1.0,0.7152924173791458,0.012975,0.002577777777777778,0.014955555555555555,0.0013861111111111112,0.0016555555555555555,0.006674074074074073,0.006300925925925928,-2,"(0.477, 1.0]","(0.00166, 0.0885]"
13376,10000.0,2,3,1,58,0,0,0,0,0,0,7569.0,8598.0,9590.0,9782.0,9986.0,9173.0,1158.0,1150.0,335.0,346.0,336.0,1323.0,0,0.15299246926238705,0.1337520353415036,0.03493222105996536,0.03537108975308004,0.033647105944958226,0.14422762453458762,0.08915375764941365,0.7569,0.8598,0.959,0.9782,0.9986,0.9116333333333332,-0.15473333333333317,0,"(0.0565, 0.172]","(-1.547, -0.0198]"
17987,240000.0,1,1,1,38,-1,3,2,-1,-1,0,6333.0,3360.0,1291.0,2740.0,2241.0,1060.0,0.0,10.0,2740.0,2241.0,0.0,2731.0,0,0.0,0.0029761904753047054,1.0,0.8178832113803346,0.0,1.0,0.4701432336426066,0.0263875,0.014,0.005379166666666667,0.011416666666666667,0.0093375,0.011822916666666667,0.014564583333333334,3,"(0.172, 0.477]","(0.00166, 0.0885]"
7886,50000.0,2,1,2,24,0,0,0,-2,-2,-2,12806.0,13490.0,0.0,0.0,0.0,0.0,7522.0,0.0,0.0,0.0,0.0,0.0,1,0.5873809151501342,0.0,0.0,0.0,0.0,0.0,0.09789681919168904,0.25612,0.2698,0.0,0.0,0.0,0.08765333333333332,0.1684666666666667,0,"(0.0565, 0.172]","(0.0885, 3.191]"
13333,50000.0,2,2,1,49,0,0,0,0,0,0,47649.0,49100.0,50380.0,19144.0,17625.0,17246.0,2220.0,2500.0,644.0,628.0,642.0,1500.0,0,0.04659069445221115,0.05091649694397319,0.012782850337181762,0.03280401169908044,0.03642553191282692,0.08697669024197051,0.04441604593120733,0.95298,0.982,1.0076,0.38288,0.3525,0.67048,0.2825000000000001,0,"(0.0383, 0.0565]","(0.0885, 3.191]"
9586,80000.0,2,2,1,24,-1,0,0,-1,-1,-2,1462.0,2472.0,0.0,492.0,0.0,0.0,1502.0,0.0,492.0,0.0,0.0,0.0,0,1.0,0.0,1.0,0.0,0.0,0.0,0.3333333333333333,0.018275,0.0309,0.0,0.00615,0.0,0.009220833333333333,0.009054166666666667,0,"(0.172, 0.477]","(0.00166, 0.0885]"
6333,170000.0,1,1,1,60,0,0,0,0,0,0,170359.0,178514.0,98196.0,100108.0,95629.0,89472.0,11700.0,3600.0,3500.0,3500.0,3300.0,3500.0,1,0.06867849658621687,0.020166485541637257,0.03564299971449303,0.034962240779608404,0.034508360434235344,0.03911838340442688,0.03884616107676963,1.0021117647058824,1.0500823529411765,0.5776235294117648,0.5888705882352941,0.5625235294117648,0.7179196078431372,0.2841921568627451,0,"(0.0383, 0.0565]","(0.0885, 3.191]"
24430,50000.0,1,3,2,39,0,0,0,0,0,0,39753.0,40701.0,41342.0,41424.0,41182.0,41187.0,2000.0,2000.0,2000.0,1600.0,2000.0,2000.0,1,0.05031066837596381,0.04913884179629152,0.048376953218316074,0.03862495171787792,0.04856490699702382,0.04855901133735016,0.047262555573803884,0.79506,0.81402,0.82684,0.82848,0.82364,0.8186300000000001,-0.02357000000000009,0,"(0.0383, 0.0565]","(-1.547, -0.0198]"
18080,50000.0,1,2,2,42,0,0,0,0,0,0,49495.0,50586.0,49200.0,49763.0,18373.0,19187.0,3000.0,3000.0,3003.0,5000.0,2000.0,1500.0,0,0.06061218304756819,0.05930494603132675,0.06103658536461308,0.10047625745834302,0.10885538561427881,0.0781779329713776,0.07807721508125125,0.9899,1.01172,0.984,0.99526,0.36746,0.7886800000000002,0.20121999999999984,0,"(0.0565, 0.172]","(0.0885, 3.191]"
5202,230000.0,1,1,2,36,0,0,0,0,0,0,218637.0,223208.0,159930.0,141834.0,213408.0,222681.0,10034.0,5600.0,10753.0,100000.0,12823.0,8910.0,0,0.04589342151581894,0.02508870649786258,0.0672356656032812,0.7050495649794474,0.06008678212597425,0.04001239441155728,0.15722775585565693,0.9505956521739131,0.9704695652173913,0.6953478260869566,0.6166695652173914,0.9278608695652174,0.8548536231884057,0.09574202898550732,0,"(0.0565, 0.172]","(0.0885, 3.191]"
748,300000.0,2,3,1,34,0,0,0,0,0,0,280823.0,275303.0,271952.0,193403.0,187562.0,191069.0,11000.0,12000.0,7200.0,6500.0,6173.0,5500.0,1,0.03917058075713467,0.0435883372137478,0.026475260339962656,0.03360857897740155,0.03291178383663582,0.028785412599486124,0.03408999228739477,0.9360766666666667,0.9176766666666667,0.9065066666666667,0.6446766666666667,0.6252066666666667,0.77784,0.1582366666666667,0,"(-0.001, 0.0383]","(0.0885, 3.191]"
9761,280000.0,2,2,1,29,0,0,0,0,0,0,233717.0,87171.0,87786.0,86510.0,83560.0,84808.0,10004.0,3066.0,3171.0,3501.0,3030.0,2789.0,0,0.04280390386645899,0.03517224765076491,0.03612193288182487,0.04046930990590141,0.03626136907567902,0.03288604848560412,0.037285801977705556,0.8347035714285714,0.311325,0.31352142857142856,0.3089642857142857,0.29842857142857143,0.3949714285714286,0.43973214285714285,0,"(-0.001, 0.0383]","(0.0885, 3.191]"
29613,20000.0,1,2,3,47,-1,-1,2,2,-1,-1,390.0,780.0,390.0,0.0,780.0,0.0,780.0,0.0,0.0,780.0,0.0,0.0,1,1.0,0.0,0.0,1.0,0.0,0.0,0.3333333333333333,0.0195,0.039,0.0195,0.0,0.039,0.0195,0.0,2,"(0.172, 0.477]","(-0.0198, 0.00166]"
19993,240000.0,2,2,1,34,-1,-1,0,0,-1,-1,626.0,1921.0,20740.0,21274.0,888.0,360.0,1921.0,19000.0,2624.0,888.0,360.0,360.0,0,1.0,1.0,0.12651880423690845,0.041741092411312346,0.4054054049488678,0.9999999972222222,0.5956108831365517,0.002608333333333333,0.008004166666666666,0.08641666666666667,0.08864166666666666,0.0037,0.03181180555555556,-0.029203472222222224,0,"(0.477, 1.0]","(-1.547, -0.0198]"
23190,100000.0,2,2,1,42,0,0,0,0,0,0,63984.0,65917.0,67673.0,66292.0,67793.0,67182.0,3000.0,4000.0,3000.0,2500.0,3000.0,2500.0,0,0.04688672167968732,0.0606823732866987,0.044330826178175485,0.03771194110846389,0.04425235643732757,0.03721234854518752,0.04517942787259008,0.63984,0.65917,0.67673,0.66292,0.67793,0.664735,-0.024895,0,"(0.0383, 0.0565]","(-1.547, -0.0198]"
25536,360000.0,2,1,2,35,-1,-1,-1,-1,0,0,1475.0,13466.0,17584.0,17354.0,37703.0,22490.0,14200.0,17631.0,17741.0,25203.0,10000.0,216.0,0,1.0,1.0,1.0,1.0,0.26523088347703816,0.009604268563379089,0.7124725253400696,0.004097222222222223,0.03740555555555555,0.04884444444444445,0.04820555555555556,0.10473055555555555,0.05095925925925926,-0.046862037037037035,0,"(0.477, 1.0]","(-1.547, -0.0198]"
17964,70000.0,1,2,2,32,0,0,0,0,0,0,71336.0,70393.0,131412.0,63823.0,52339.0,40836.0,3609.0,2523.0,2441.0,3038.0,2029.0,70004.0,1,0.05059156666969565,0.03584163197994344,0.018575168173237032,0.04760039484123905,0.038766502989381404,1.0,0.19856254410891608,1.0190857142857144,1.0056142857142858,1.8773142857142857,0.9117571428571428,0.7477,1.0241404761904762,-0.00505476190476184,0,"(0.172, 0.477]","(-0.0198, 0.00166]"
25247,270000.0,2,2,2,25,0,0,0,0,0,0,38525.0,39492.0,33898.0,35272.0,37201.0,31447.0,2000.0,2000.0,2000.0,2408.0,1500.0,2013.0,0,0.05191434133544674,0.050643168235322514,0.05900053100303851,0.06826944885268005,0.040321496732874884,0.06401246541596933,0.055693575262555334,0.1426851851851852,0.14626666666666666,0.12554814814814816,0.13063703703703702,0.13778148148148148,0.13323148148148148,0.009453703703703714,0,"(0.0383, 0.0565]","(0.00166, 0.0885]"
5082,290000.0,2,2,1,36,-2,-2,-2,-2,-2,-2,754.0,-98.0,-309.0,63.0,227.0,946.0,0.0,0.0,500.0,590.0,1045.0,0.0,0,0.0,-0.0,0.0,1.0,1.0,0.0,0.3333333333333333,0.0026,-0.00033793103448275864,-0.0010655172413793104,0.00021724137931034481,0.0007827586206896552,0.0009097701149425288,0.001690229885057471,-2,"(0.172, 0.477]","(0.00166, 0.0885]"
9351,400000.0,2,2,1,34,-1,-1,0,-1,-1,0,14986.0,25772.0,12621.0,13983.0,3378.0,3770.0,25772.0,1500.0,13983.0,3378.0,2000.0,9353.0,0,1.0,0.05820270060304972,1.0,0.24157906027021533,0.5920663112516086,1.0,0.6486413453541456,0.037465,0.06443,0.0315525,0.0349575,0.008445,0.03104583333333333,0.006419166666666667,0,"(0.477, 1.0]","(0.00166, 0.0885]"
10983,300000.0,2,1,1,59,-1,-1,2,2,2,2,2500.0,2500.0,2500.0,2500.0,2500.0,2500.0,0.0,0.0,0.0,0.0,0.0,0.0,0,0.0,0.0,0.0,0.0,0.0,0.0,0.0,0.008333333333333333,0.008333333333333333,0.008333333333333333,0.008333333333333333,0.008333333333333333,0.008333333333333333,0.0,2,"(-0.001, 0.0383]","(-0.0198, 0.00166]"
23622,210000.0,2,3,1,44,-2,-2,-2,-2,-2,-2,11771.0,13462.0,17706.0,0.0,5646.0,14793.0,13462.0,17706.0,0.0,5646.0,14793.0,7376.0,1,1.0,1.0,0.0,1.0,1.0,0.4986142093896698,0.7497690348982783,0.05605238095238095,0.0641047619047619,0.08431428571428572,0.0,0.026885714285714287,0.050300000000000004,0.005752380952380946,-2,"(0.477, 1.0]","(0.00166, 0.0885]"
13236,50000.0,2,2,1,55,0,0,2,0,0,0,37984.0,41234.0,37701.0,28181.0,28711.0,29368.0,3900.0,0.0,1300.0,1100.0,1100.0,1000.0,1,0.10267481044380068,0.0,0.03448184398200361,0.039033391290620154,0.038312841766629066,0.03405066739192145,0.04142559247916249,0.75968,0.82468,0.75402,0.56362,0.57422,0.6772633333333333,0.0824166666666667,2,"(0.0383, 0.0565]","(0.00166, 0.0885]"
19368,110000.0,2,2,1,39,0,0,0,0,0,0,93111.0,91198.0,85136.0,80491.0,78967.0,80628.0,3226.0,3050.0,2765.0,2304.0,2400.0,1885.0,0,0.034646819387240534,0.03344371587059537,0.03247744784776737,0.02862431824640489,0.030392442412268513,0.023378975045599805,0.03049395313497941,0.8464636363636364,0.8290727272727273,0.7739636363636364,0.7317363636363636,0.7178818181818182,0.7720166666666667,0.07444696969696973,0,"(-0.001, 0.0383]","(0.00166, 0.0885]"
1191,240000.0,2,1,2,29,0,0,0,0,0,-2,3093.0,2322.0,8186.0,3980.0,0.0,0.0,2000.0,2020.0,2500.0,0.0,0.0,85.0,0,0.6466214029593853,0.8699397067743585,0.30539946245963845,0.0,0.0,1.0,0.4703267620322304,0.0128875,0.009675,0.03410833333333333,0.016583333333333332,0.0,0.012209027777777777,0.0006784722222222227,0,"(0.172, 0.477]","(-0.0198, 0.00166]"
822,50000.0,2,2,2,24,1,2,0,0,0,0,48861.0,48082.0,48614.0,26667.0,26036.0,26850.0,2000.0,2233.0,1083.0,1100.0,1400.0,3000.0,1,0.040932441005281664,0.046441495777079955,0.022277533220424618,0.04124948437989839,0.05377170072001184,0.11173184357125766,0.05273408311232569,0.97722,0.96164,0.97228,0.53334,0.52072,0.7503666666666667,0.22685333333333324,2,"(0.0383, 0.0565]","(0.0885, 3.191]"
15879,80000.0,2,3,1,28,0,0,0,0,0,0,63900.0,65343.0,66171.0,58683.0,43421.0,44267.0,3000.0,2470.0,2228.0,1516.0,2000.0,1556.0,1,0.046948356806777024,0.03780052951291186,0.033670338969734925,0.025833716748873886,0.04606066189065059,0.03515033772256646,0.03757732360858579,0.79875,0.8167875,0.8271375,0.7335375,0.5427625,0.7120520833333334,0.0866979166666666,0,"(-0.001, 0.0383]","(0.00166, 0.0885]"
20498,20000.0,1,2,2,24,1,2,2,0,0,0,6962.0,7898.0,7626.0,8692.0,9541.0,9885.0,1200.0,0.0,1200.0,1000.0,500.0,500.0,1,0.1723642631180172,0.0,0.15735641225316596,0.11504832028128759,0.05240540823263752,0.05058168942330989,0.09129268221806969,0.3481,0.3949,0.3813,0.4346,0.47705,0.42169999999999996,-0.07359999999999994,2,"(0.0565, 0.172]","(-1.547, -0.0198]"
9420,130000.0,2,2,2,29,2,2,0,0,0,-1,172094.0,156589.0,145398.0,136115.0,138893.0,127502.0,0.0,3300.0,2500.0,2778.0,130000.0,3689.0,0,0.0,0.021074277247947977,0.017194184239004703,0.020409212797851746,0.9359722952133226,0.028932879484016464,0.1705971414970239,1.3238,1.2045307692307692,1.1184461538461539,1.0470384615384616,1.0684076923076924,1.1238346153846155,0.1999653846153846,2,"(0.0565, 0.172]","(0.0885, 3.191]"
28101,210000.0,2,1,2,29,-1,-1,-1,-1,-1,-1,18662.0,6220.0,199.0,0.0,10024.0,-18.0,6224.0,199.0,200.0,10024.0,0.0,0.0,0,0.33351194939805423,0.03199356912668914,1.0,1.0,0.0,-0.0,0.3942509197541239,0.08886666666666666,0.029619047619047618,0.0009476190476190476,0.0,0.047733333333333336,0.027846825396825398,0.061019841269841266,-1,"(0.172, 0.477]","(0.00166, 0.0885]"
8893,130000.0,1,2,2,28,0,0,0,0,0,0,88549.0,74624.0,76133.0,77648.0,79370.0,80071.0,2709.0,2750.0,2767.0,2961.0,2913.0,3000.0,0,0.030593230866180387,0.0368514150938458,0.036344292224970196,0.038133628682797585,0.036701524505018256,0.037466748260450516,0.03601513993887712,0.6811461538461538,0.5740307692307692,0.5856384615384616,0.5972923076923077,0.6105384615384616,0.6107628205128205,0.07038333333333335,0,"(-0.001, 0.0383]","(0.00166, 0.0885]"
4462,130000.0,1,1,2,46,0,0,0,0,0,0,110766.0,114977.0,120976.0,40177.0,41529.0,43734.0,6000.0,9000.0,2000.0,2000.0,3000.0,4000.0,1,0.054168246573369376,0.07827652486951063,0.01653220473468678,0.0497797247168833,0.07223867658570544,0.09146202039393922,0.06040956631234912,0.8520461538461539,0.8844384615384615,0.9305846153846153,0.3090538461538462,0.31945384615384614,0.6053320512820514,0.24671410256410253,0,"(0.0565, 0.172]","(0.0885, 3.191]"
25230,20000.0,2,3,2,22,0,0,0,0,0,0,16063.0,14928.0,14012.0,11965.0,11867.0,12850.0,1565.0,2006.0,2011.0,7000.0,2000.0,4000.0,0,0.09742887380331015,0.13437834940150198,0.14351984012678276,0.5850396990735445,0.16853459171074958,0.31128404666838255,0.24003090013071193,0.80315,0.7464,0.7006,0.59825,0.59335,0.6807083333333334,0.12244166666666667,0,"(0.172, 0.477]","(0.0885, 3.191]"
29986,240000.0,1,1,2,30,-2,-2,-2,-2,-2,-2,0.0,0.0,0.0,0.0,0.0,0.0,0.0,0.0,0.0,0.0,0.0,0.0,0,0.0,0.0,0.0,0.0,0.0,0.0,0.0,0.0,0.0,0.0,0.0,0.0,0.0,0.0,-2,"(-0.001, 0.0383]","(-0.0198, 0.00166]"
12607,100000.0,1,1,2,27,-1,-1,-1,-1,-1,-2,2927.0,831.0,1226.0,330.0,0.0,0.0,831.0,1226.0,330.0,0.0,0.0,0.0,1,0.28390843857741427,1.0,0.2691680258815921,0.0,0.0,0.0,0.2588460774098344,0.02927,0.00831,0.01226,0.0033,0.0,0.008856666666666667,0.020413333333333332,-1,"(0.172, 0.477]","(0.00166, 0.0885]"
